{
    "epoch": 3.0,
    "eval_bleu": 12.1654,
    "eval_gen_len": 48.6269,
    "eval_loss": 2.2221221923828125,
    "eval_runtime": 555.247,
    "eval_samples": 1300,
    "eval_samples_per_second": 2.341,
    "eval_steps_per_second": 0.585,
    "predict_bleu": 12.1815,
    "predict_gen_len": 45.94,
    "predict_loss": 2.2099719047546387,
    "predict_runtime": 608.7374,
    "predict_samples": 1500,
    "predict_samples_per_second": 2.464,
    "predict_steps_per_second": 0.616,
    "total_flos": 2221182750449664.0,
    "train_loss": 2.4582658077310198,
    "train_runtime": 2254.3461,
    "train_samples": 5865,
    "train_samples_per_second": 7.805,
    "train_steps_per_second": 1.952
}